source,target,count
source,target,value
source,target,value
source,target,value
source,target,value
source,target,value
source,target,value
source,target,value
source,target,value
source,target,value
source,target,value
source,target,value
source,target,value
source,target,value
source,target,value
source,target,value
source,target,value
source,target,value
source,target,value
source,target,value
source,target,value
source,target,value
source,target,value
source,target,value
source,target,value
source,target,value
source,target,value
source,target,value
source,target,value
source,target,value
source,target,value
source,target,value
source,target,value
source,target,value
source,target,value
source,target,value
source,target,value
source,target,value
source,target,value
source,target,value
source,target,value
source,target,value
source,target,value
source,target,value
source,target,value
source,target,value
source,target,value
source,target,value
source,target,value
source,target,value
source,target,value
source,target,value
source,target,value
source,target,value
source,target,value
source,target,value
source,target,value
source,target,value
source,target,value
source,target,value
source,target,value
source,target,value
source,target,value
source,target,value
source,target,value
source,target,value
source,target,value
source,target,value
source,target,value
source,target,value
source,target,value
source,target,value
source,target,value
source,target,value
source,target,value
source,target,value
source,target,value
source,target,value
source,target,value
source,target,value
source,target,value
source,target,value
source,target,value
source,target,value
source,target,value
source,target,value
source,target,value
source,target,value
source,target,value
source,target,value
source,target,value
source,target,value
source,target,value
source,target,value
source,target,value
source,target,value
source,target,value
source,target,value
source,target,value
source,target,value
source,target,value
source,target,value
source,target,value
source,target,value
source,target,value
source,target,value
source,target,value
source,target,value
source,target,value
source,target,value
source,target,value
source,target,value
source,target,value
source,target,value
source,target,value
source,target,value
source,target,value
source,target,value
source,target,value
source,target,value
source,target,value
source,target,value
source,target,value
source,target,value
source,target,value
source,target,value
source,target,value
source,target,value
source,target,value
source,target,value
source,target,value
source,target,value
source,target,value
source,target,value
source,target,value
source,target,value
source,target,value
source,target,value
source,target,value
source,target,value
source,target,value
source,target,value
source,target,value
source,target,value
source,target,value
source,target,value
source,target,value
source,target,value
source,target,value
source,target,value
source,target,value
source,target,value
source,target,value
source,target,value
source,target,value
source,target,value
source,target,value
source,target,value
source,target,value
source,target,value
source,target,value
source,target,value
source,target,value
source,target,value
source,target,value
source,target,value
source,target,value
source,target,value
source,target,value
source,target,value
source,target,value
source,target,value
source,target,value
source,target,value
source,target,value
source,target,value
source,target,value
source,target,value
source,target,value
source,target,value
source,target,value
source,target,value
source,target,value
source,target,value
source,target,value
source,target,value
source,target,value
source,target,value
source,target,value
source,target,value
source,target,value
source,target,value
source,target,value
source,target,value
source,target,value
source,target,value
source,target,value
source,target,value
source,target,value
source,target,value
source,target,value
source,target,value
source,target,value
source,target,value
source,target,value
source,target,value
source,target,value
source,target,value
source,target,value
source,target,value
source,target,value
source,target,value
source,target,value
source,target,value
source,target,value
source,target,value
source,target,value
source,target,value
source,target,value
source,target,value
source,target,value
source,target,value
source,target,value
source,target,value
source,target,value
source,target,value
source,target,value
source,target,value
source,target,value
source,target,value
source,target,value
source,target,value
source,target,value
source,target,value
source,target,value
source,target,value
source,target,value
source,target,value
source,target,value
source,target,value
source,target,value
source,target,value
source,target,value
source,target,value
source,target,value
source,target,value
source,target,value
source,target,value
source,target,value
source,target,value
source,target,value
source,target,value
source,target,value
source,target,value
source,target,value
source,target,value
source,target,value
source,target,value
source,target,value
source,target,value
source,target,value
source,target,value
source,target,value
source,target,value
source,target,value
source,target,value
source,target,value
source,target,value
source,target,value
source,target,value
source,target,value
source,target,value
source,target,value
source,target,value
source,target,value
source,target,value
source,target,value
source,target,value
source,target,value
source,target,value
source,target,value
source,target,value
source,target,value
source,target,value
source,target,value
source,target,value
source,target,value
source,target,value
source,target,value
source,target,value
source,target,value
source,target,value
source,target,value
source,target,value
source,target,value
source,target,value
source,target,value
source,target,value
source,target,value
source,target,value
source,target,value
source,target,value
source,target,value
source,target,value
source,target,value
source,target,value
source,target,value
source,target,value
source,target,value
source,target,value
source,target,value
source,target,value
source,target,value
source,target,value
source,target,value
source,target,value
source,target,value
source,target,value
source,target,value
source,target,value
source,target,value
source,target,value
source,target,value
source,target,value
source,target,value
source,target,value
source,target,value
source,target,value
source,target,value
source,target,value
source,target,value
source,target,value
source,target,value
source,target,value
source,target,value
source,target,value
source,target,value
source,target,value
source,target,value
source,target,value
source,target,value
source,target,value
source,target,value
source,target,value
source,target,value
source,target,value
source,target,value
source,target,value
source,target,value
source,target,value
source,target,value
source,target,value
source,target,value
source,target,value
source,target,value
source,target,value
source,target,value
source,target,value
source,target,value
source,target,value
source,target,value
source,target,value
source,target,value
source,target,value
source,target,value
source,target,value
source,target,value
source,target,value
source,target,value
source,target,value
source,target,value
source,target,value
source,target,value
source,target,value
source,target,value
source,target,value
source,target,value
source,target,value
source,target,value
source,target,value
source,target,value
source,target,value
source,target,value
source,target,value
source,target,value
source,target,value
source,target,value
source,target,value
source,target,value
source,target,value
source,target,value
source,target,value
source,target,value
source,target,value
source,target,value
source,target,value
source,target,value
source,target,value
source,target,value
source,target,value
source,target,value
source,target,value
source,target,value
source,target,value
source,target,value
source,target,value
source,target,value
source,target,value
source,target,value
source,target,value
source,target,value
source,target,value
source,target,value
source,target,value
source,target,value
source,target,value
source,target,value
source,target,value
source,target,value
source,target,value
source,target,value
source,target,value
source,target,value
source,target,value
source,target,value
source,target,value
source,target,value
source,target,value
source,target,value
source,target,value
source,target,value
source,target,value
source,target,value
source,target,value
source,target,value
source,target,value
source,target,value
source,target,value
source,target,value
source,target,value
source,target,value
source,target,value
source,target,value
source,target,value
source,target,value
source,target,value
source,target,value
source,target,value
source,target,value
source,target,value
source,target,value
source,target,value
source,target,value
source,target,value
source,target,value
source,target,value
source,target,value
source,target,value
source,target,value
source,target,value
source,target,value
source,target,value
source,target,value
source,target,value
source,target,value
source,target,value
source,target,value
source,target,value
source,target,value
source,target,value
source,target,value
source,target,value
source,target,value
source,target,value
source,target,value
source,target,value
source,target,value
source,target,value
source,target,value
source,target,value
source,target,value
source,target,value
source,target,value
source,target,value
source,target,value
source,target,value
source,target,value
source,target,value
source,target,value
source,target,value
source,target,value
source,target,value
source,target,value
source,target,value
source,target,value
source,target,value
source,target,value
source,target,value
source,target,value
source,target,value
source,target,value
source,target,value
source,target,value
source,target,value
source,target,value
source,target,value
source,target,value
source,target,value
source,target,value
source,target,value
source,target,value
source,target,value
source,target,value
source,target,value
source,target,value
source,target,value
source,target,value
source,target,value
source,target,value
source,target,value
source,target,value
source,target,value
source,target,value
source,target,value
source,target,value
source,target,value
source,target,value
source,target,value
source,target,value
source,target,value
source,target,value
source,target,value
source,target,value
source,target,value
source,target,value
source,target,value
source,target,value
source,target,value
source,target,value
source,target,value
source,target,value
source,target,value
source,target,value
source,target,value
source,target,value
source,target,value
source,target,value
source,target,value
source,target,value
source,target,value
source,target,value
source,target,value
source,target,value
source,target,value
source,target,value
source,target,value
source,target,value
source,target,value
source,target,value
source,target,value
source,target,value
source,target,value
source,target,value
source,target,value
source,target,value
source,target,value
source,target,value
source,target,value
source,target,value
source,target,value
source,target,value
source,target,value
source,target,value
source,target,value
source,target,value
source,target,value
source,target,value
source,target,value
source,target,value
source,target,value
source,target,value
source,target,value
source,target,value
source,target,value
source,target,value
source,target,value
source,target,value
source,target,value
source,target,value
source,target,value
source,target,value
source,target,value
source,target,value
source,target,value
source,target,value
source,target,value
source,target,value
source,target,value
source,target,value
source,target,value
source,target,value
source,target,value
source,target,value
source,target,value
source,target,value
source,target,value
source,target,value
source,target,value
source,target,value
source,target,value
source,target,value
source,target,value
source,target,value
source,target,value
source,target,value
source,target,value
source,target,value
source,target,value
source,target,value
source,target,value
source,target,value
source,target,value
source,target,value
source,target,value
source,target,value
source,target,value
source,target,value
source,target,value
source,target,value
source,target,value
source,target,value
source,target,value
source,target,value
source,target,value
source,target,value
source,target,value
source,target,value
source,target,value
source,target,value
source,target,value
source,target,value
source,target,value
source,target,value
source,target,value
source,target,value
source,target,value
source,target,value
source,target,value
source,target,value
source,target,value
source,target,value
source,target,value
source,target,value
source,target,value
source,target,value
source,target,value
source,target,value
source,target,value
source,target,value
source,target,value
source,target,value
source,target,value
source,target,value
source,target,value
source,target,value
source,target,value
source,target,value
source,target,value
source,target,value
source,target,value
source,target,value
source,target,value
source,target,value
source,target,value
source,target,value
source,target,value
source,target,value
source,target,value
source,target,value
source,target,value
source,target,value
source,target,value
source,target,value
source,target,value
source,target,value
source,target,value
source,target,value
source,target,value
source,target,value
source,target,value
source,target,value
source,target,value
source,target,value
source,target,value
source,target,value
source,target,value
source,target,value
source,target,value
source,target,value
source,target,value
source,target,value
source,target,value
source,target,value
source,target,value
source,target,value
source,target,value
source,target,value
source,target,value
source,target,value
source,target,value
source,target,value
source,target,value
source,target,value
source,target,value
source,target,value
source,target,value
source,target,value
source,target,value
source,target,value
source,target,value
source,target,value
source,target,value
source,target,value
source,target,value
source,target,value
source,target,value
source,target,value
source,target,value
source,target,value
source,target,value
source,target,value
source,target,value
source,target,value
source,target,value
source,target,value
source,target,value
source,target,value
source,target,value
source,target,value
source,target,value
source,target,value
source,target,value
source,target,value
source,target,value
source,target,value
source,target,value
source,target,value
source,target,value
source,target,value
source,target,value
source,target,value
source,target,value
source,target,value
source,target,value
source,target,value
source,target,value
source,target,value
source,target,value
source,target,value
source,target,value
source,target,value
source,target,value
source,target,value
source,target,value
source,target,value
source,target,value
source,target,value
source,target,value
source,target,value
source,target,value
source,target,value
source,target,value
source,target,value
source,target,value
source,target,value
source,target,value
source,target,value
source,target,value
source,target,value
source,target,value
source,target,value
source,target,value
source,target,value
source,target,value
source,target,value
source,target,value
source,target,value
source,target,value
source,target,value
source,target,value
source,target,value
source,target,value
source,target,value
source,target,value
source,target,value
source,target,value
source,target,value
source,target,value
source,target,value
source,target,value
source,target,value
source,target,value
source,target,value
source,target,value
source,target,value
source,target,value
source,target,value
source,target,value
source,target,value
source,target,value
source,target,value
source,target,value
source,target,value
source,target,value
source,target,value
source,target,value
source,target,value
source,target,value
source,target,value
source,target,value
source,target,value
source,target,value
source,target,value
source,target,value
source,target,value
source,target,value
source,target,value
source,target,value
source,target,value
source,target,value
source,target,value
source,target,value
source,target,value
source,target,value
source,target,value
source,target,value
source,target,value
source,target,value
source,target,value
source,target,value
source,target,value
source,target,value
source,target,value
source,target,value
source,target,value
source,target,value
source,target,value
source,target,value
source,target,value
source,target,value
source,target,value
source,target,value
source,target,value
source,target,value
source,target,value
source,target,value
source,target,value
source,target,value
source,target,value
source,target,value
source,target,value
source,target,value
source,target,value
source,target,value
source,target,value
source,target,value
source,target,value
source,target,value
source,target,value
source,target,value
source,target,value
source,target,value
source,target,value
source,target,value
source,target,value
source,target,value
source,target,value
source,target,value
source,target,value
source,target,value
source,target,value
source,target,value
source,target,value
source,target,value
source,target,value
source,target,value
source,target,value
source,target,value
source,target,value
source,target,value
source,target,value
source,target,value
source,target,value
source,target,value
source,target,value
source,target,value
source,target,value
source,target,value
source,target,value
source,target,value
source,target,value
source,target,value
source,target,value
source,target,value
source,target,value
source,target,value
source,target,value
source,target,value
source,target,value
source,target,value
source,target,value
source,target,value
source,target,value
source,target,value
source,target,value
source,target,value
source,target,value
source,target,value
source,target,value
source,target,value
source,target,value
source,target,value
source,target,value
source,target,value
source,target,value
source,target,value
source,target,value
source,target,value
source,target,value
source,target,value
source,target,value
source,target,value
source,target,value
source,target,value
source,target,value
source,target,value
source,target,value
source,target,value
source,target,value
source,target,value
source,target,value
source,target,value
source,target,value
source,target,value
source,target,value
source,target,value
source,target,value
source,target,value
source,target,value
source,target,value
source,target,value
source,target,value
source,target,value
source,target,value
source,target,value
source,target,value
source,target,value
source,target,value
source,target,value
source,target,value
source,target,value
source,target,value
source,target,value
source,target,value
source,target,value
source,target,value
source,target,value
source,target,value
source,target,value
source,target,value
source,target,value
source,target,value
source,target,value
source,target,value
source,target,value
source,target,value
source,target,value
source,target,value
source,target,value
source,target,value
source,target,value
source,target,value
source,target,value
source,target,value
source,target,value
source,target,value
source,target,value
source,target,value
source,target,value
source,target,value
source,target,value
source,target,value
source,target,value
source,target,value
source,target,value
source,target,value
source,target,value
source,target,value
source,target,value
source,target,value
source,target,value
source,target,value
source,target,value
source,target,value
source,target,value
source,target,value
source,target,value
source,target,value
source,target,value
source,target,value
source,target,value
source,target,value
source,target,value
source,target,value
source,target,value
source,target,value
source,target,value
source,target,value
source,target,value
source,target,value
source,target,value
source,target,value
source,target,value
source,target,value
source,target,value
source,target,value
source,target,value
source,target,value
source,target,value
source,target,value
source,target,value
source,target,value
source,target,value
source,target,value
source,target,value
source,target,value
source,target,value
source,target,value
source,target,value
source,target,value
source,target,value
source,target,value
source,target,value
source,target,value
source,target,value
source,target,value
source,target,value
source,target,value
source,target,value
source,target,value
source,target,value
source,target,value
source,target,value
source,target,value
source,target,value
source,target,value
source,target,value
source,target,value
source,target,value
source,target,value
source,target,value
source,target,value
source,target,value
source,target,value
source,target,value
source,target,value
source,target,value
source,target,value
source,target,value
source,target,value
source,target,value
source,target,value
source,target,value
source,target,value
source,target,value
source,target,value
source,target,value
source,target,value
source,target,value
source,target,value
source,target,value
source,target,value
source,target,value
source,target,value
source,target,value
source,target,value
source,target,value
source,target,value
source,target,value
source,target,value
source,target,value
source,target,value
source,target,value
source,target,value
source,target,value
source,target,value
source,target,value
source,target,value
source,target,value
source,target,value
source,target,value
source,target,value
source,target,value
source,target,value
source,target,value
source,target,value
source,target,value
source,target,value
source,target,value
source,target,value
source,target,value
source,target,value
source,target,value
source,target,value
source,target,value
source,target,value
source,target,value
source,target,value
source,target,value
source,target,value
source,target,value
source,target,value
source,target,value
source,target,value
source,target,value
source,target,value
source,target,value
source,target,value
source,target,value
source,target,value
source,target,value
source,target,value
source,target,value
source,target,value
source,target,value
source,target,value
source,target,value
source,target,value
source,target,value
source,target,value
source,target,value
source,target,value
source,target,value
source,target,value
source,target,value
source,target,value
source,target,value
source,target,value
source,target,value
source,target,value
source,target,value
source,target,value
source,target,value
source,target,value
source,target,value
source,target,value
source,target,value
source,target,value
source,target,value
source,target,value
source,target,value
source,target,value
source,target,value
source,target,value
source,target,value
source,target,value
source,target,value
source,target,value
source,target,value
source,target,value
source,target,value
source,target,value
source,target,value
source,target,value
source,target,value
source,target,value
source,target,value
source,target,value
source,target,value
source,target,value
source,target,value
source,target,value
source,target,value
source,target,value
source,target,value
source,target,value
source,target,value
source,target,value
source,target,value
source,target,value
source,target,value
source,target,value
source,target,value
source,target,value
source,target,value
source,target,value
source,target,value
source,target,value
source,target,value
source,target,value
source,target,value
source,target,value
source,target,value
source,target,value
source,target,value
source,target,value
source,target,value
source,target,value
source,target,value
source,target,value
source,target,value
source,target,value
source,target,value
source,target,value
source,target,value
source,target,value
source,target,value
source,target,value
source,target,value
source,target,value
source,target,value
source,target,value
source,target,value
source,target,value
source,target,value
source,target,value
source,target,value
source,target,value
source,target,value
source,target,value
source,target,value
source,target,value
source,target,value
source,target,value
source,target,value
source,target,value
source,target,value
source,target,value
source,target,value
source,target,value
source,target,value
source,target,value
source,target,value
source,target,value
source,target,value
source,target,value
source,target,value
source,target,value
source,target,value
source,target,value
source,target,value
source,target,value
source,target,value
source,target,value
source,target,value
source,target,value
source,target,value
source,target,value
source,target,value
source,target,value
source,target,value
source,target,value
source,target,value
source,target,value
source,target,value
source,target,value
source,target,value
source,target,value
source,target,value
source,target,value
source,target,value
source,target,value
source,target,value
source,target,value
source,target,value
source,target,value
source,target,value
source,target,value
source,target,value
source,target,value
source,target,value
source,target,value
source,target,value
source,target,value
source,target,value
source,target,value
source,target,value
source,target,value
source,target,value
source,target,value
source,target,value
source,target,value
source,target,value
source,target,value
source,target,value
source,target,value
source,target,value
source,target,value
source,target,value
source,target,value
source,target,value
source,target,value
source,target,value
source,target,value
source,target,value
source,target,value
source,target,value
source,target,value
source,target,value
source,target,value
source,target,value
source,target,value
source,target,value
source,target,value
source,target,value
source,target,value
source,target,value
source,target,value
source,target,value
source,target,value
source,target,value
source,target,value
source,target,value
source,target,value
source,target,value
source,target,value
source,target,value
source,target,value
source,target,value
source,target,value
source,target,value
source,target,value
source,target,value
source,target,value
source,target,value
source,target,value
source,target,value
source,target,value
source,target,value
source,target,value
source,target,value
source,target,value
source,target,value
source,target,value
source,target,value
source,target,value
source,target,value
source,target,value
source,target,value
source,target,value
source,target,value
source,target,value
source,target,value
source,target,value
source,target,value
source,target,value
source,target,value
source,target,value
source,target,value
source,target,value
source,target,value
source,target,value
source,target,value
source,target,value
source,target,value
source,target,value
source,target,value
source,target,value
source,target,value
source,target,value
source,target,value
source,target,value
source,target,value
source,target,value
source,target,value
source,target,value
source,target,value
source,target,value
source,target,value
source,target,value
source,target,value
source,target,value
source,target,value
source,target,value
source,target,value
source,target,value
source,target,value
source,target,value
source,target,value
source,target,value
source,target,value
source,target,value
source,target,value
source,target,value
source,target,value
source,target,value
source,target,value
source,target,value
source,target,value
source,target,value
source,target,value
source,target,value
source,target,value
source,target,value
source,target,value
source,target,value
source,target,value
source,target,value
source,target,value
source,target,value
source,target,value
source,target,value
source,target,value
source,target,value
source,target,value
source,target,value
source,target,value
source,target,value
source,target,value
source,target,value
source,target,value
source,target,value
source,target,value
source,target,value
source,target,value
source,target,value
source,target,value
source,target,value
source,target,value
source,target,value
source,target,value
source,target,value
source,target,value
source,target,value
source,target,value
source,target,value
source,target,value
source,target,value
source,target,value
source,target,value
source,target,value
source,target,value
source,target,value
source,target,value
source,target,value
source,target,value
source,target,value
source,target,value
source,target,value
source,target,value
source,target,value
source,target,value
source,target,value
source,target,value
source,target,value
source,target,value
source,target,value
source,target,value
source,target,value
source,target,value
source,target,value
source,target,value
source,target,value
source,target,value
source,target,value
source,target,value
source,target,value
source,target,value
source,target,value
source,target,value
source,target,value
source,target,value
source,target,value
source,target,value
source,target,value
source,target,value
source,target,value
source,target,value
source,target,value
source,target,value
source,target,value
source,target,value
source,target,value
source,target,value
source,target,value
source,target,value
source,target,value
source,target,value
source,target,value
source,target,value
source,target,value
source,target,value
source,target,value
source,target,value
source,target,value
source,target,value
source,target,value
source,target,value
source,target,value
source,target,value
source,target,value
source,target,value
source,target,value
source,target,value
source,target,value
source,target,value
source,target,value
source,target,value
source,target,value
source,target,value
source,target,value
source,target,value
source,target,value
source,target,value
source,target,value
source,target,value
source,target,value
source,target,value
source,target,value
source,target,value
source,target,value
source,target,value
source,target,value
source,target,value
source,target,value
source,target,value
source,target,value
source,target,value
source,target,value
source,target,value
source,target,value
source,target,value
source,target,value
source,target,value
source,target,value
source,target,value
source,target,value
source,target,value
source,target,value
source,target,value
source,target,value
source,target,value
source,target,value
source,target,value
source,target,value
source,target,value
source,target,value
source,target,value
source,target,value
source,target,value
source,target,value
source,target,value
source,target,value
source,target,value
source,target,value
source,target,value
source,target,value
source,target,value
source,target,value
source,target,value
source,target,value
source,target,value
source,target,value
source,target,value
source,target,value
source,target,value
source,target,value
source,target,value
source,target,value
source,target,value
source,target,value
source,target,value
source,target,value
source,target,value
source,target,value
source,target,value
source,target,value
source,target,value
source,target,value
source,target,value
source,target,value
source,target,value
source,target,value
source,target,value
source,target,value
source,target,value
source,target,value
source,target,value
source,target,value
source,target,value
source,target,value
source,target,value
source,target,value
source,target,value
source,target,value
source,target,value
source,target,value
source,target,value
source,target,value
source,target,value
source,target,value
source,target,value
source,target,value
source,target,value
source,target,value
source,target,value
source,target,value
source,target,value
source,target,value
source,target,value
source,target,value
source,target,value
source,target,value
source,target,value
source,target,value
source,target,value
source,target,value
source,target,value
source,target,value
source,target,value
source,target,value
source,target,value
source,target,value
source,target,value
source,target,value
source,target,value
source,target,value
source,target,value
source,target,value
source,target,value
source,target,value
source,target,value
source,target,value
source,target,value
source,target,value
source,target,value
source,target,value
source,target,value
source,target,value
source,target,value
source,target,value
source,target,value
source,target,value
source,target,value
source,target,value
source,target,value
source,target,value
source,target,value
source,target,value
source,target,value
source,target,value
source,target,value
source,target,value
source,target,value
source,target,value
source,target,value
source,target,value
source,target,value
source,target,value
source,target,value
source,target,value
source,target,value
source,target,value
source,target,value
source,target,value
source,target,value
source,target,value
source,target,value
source,target,value
source,target,value
source,target,value
source,target,value
source,target,value
source,target,value
source,target,value
source,target,value
source,target,value
source,target,value
source,target,value
source,target,value
source,target,value
source,target,value
source,target,value
source,target,value
source,target,value
source,target,value
source,target,value
source,target,value
source,target,value
source,target,value
source,target,value
source,target,value
source,target,value
source,target,value
source,target,value
source,target,value
source,target,value
source,target,value
source,target,value
source,target,value
source,target,value
source,target,value
source,target,value
source,target,value
source,target,value
source,target,value
source,target,value
source,target,value
source,target,value
source,target,value
source,target,value
source,target,value
source,target,value
source,target,value
source,target,value
source,target,value
source,target,value
source,target,value
source,target,value
source,target,value
source,target,value
source,target,value
source,target,value
source,target,value
source,target,value
source,target,value
source,target,value
source,target,value
source,target,value
source,target,value
source,target,value
source,target,value
source,target,value
source,target,value
source,target,value
source,target,value
source,target,value
